Jake,Jones,2018-10-6
Ethan,Gelbero,2010-4-16
Connor,Roy,2008-4-26
Jack,Wilson,2011-7-18
David,Roy,2010-7-15
Charlie,Li,2011-6-1
Jacob,Walsh,2022-1-11
Emily,Lee,2011-12-21
Richard,Garcia,2020-12-11
Thomas,Brown,2019-8-6
Richard,Williams,2018-7-24
Olivia,Gagnon,2017-1-5
Liam,O'Connor,2011-10-2
Damian,Lam,2015-12-5
Sarah,Tremblay,2016-2-9
Lauren,Gelbero,2016-12-18
Poppy,O'Kelly,2011-7-13
Charlie,Morton,2008-8-17
Joanne,Williams,2022-10-8
John,O'Kelly,2009-3-8
Samantha,Davis,2009-2-25
Thomas,Martin,2010-4-7
Thomas,O'Neill,2011-4-10
David,Singh,2019-7-3
Michelle,Johnson,2015-4-7
Harry,Lam,2017-1-22
Charlotte,White,2010-5-9
Poppy,Lam,2019-4-6
Susan,White,2010-8-19
Jennifer,Byrne,2013-9-18
Mary,Anderson,2013-9-22
George,Thomas,2007-10-9
Oliver,O'Neill,2021-5-5
Michelle,Murphy,2009-8-27
Margaret,Lam,2013-9-25
Isla,Davis,2016-11-13
Liam,Smith,2011-9-3
Oscar,O'Brien,2013-3-16
Connor,Li,2007-3-5
Oscar,Morton,2013-3-1
Mia,Gagnon,2013-7-25
Lauren,Jones,2022-4-16
Kyle,O'Sullivan,2018-6-16
Reece,Anderson,2017-9-25
Patricia,Miller,2020-1-15
Daniel,Walsh,2011-1-11
William,O'Sullivan,2007-5-26
James,O'Kelly,2014-7-17
Mary,Lee,2017-10-5
Jake,Davis,2009-9-6
